Model,Accuracy,Precision,Recall,F1-Score,ROC-AUC
Random Forest,0.9736842105263158,1.0,0.9285714285714286,0.9629629629629629,0.9970238095238095
SVM,0.9824561403508771,0.9761904761904762,0.9761904761904762,0.9761904761904762,0.9953703703703705
Logistic Regression,0.9736842105263158,0.975609756097561,0.9523809523809523,0.963855421686747,0.9953703703703703
