Model,Accuracy,Precision,Recall,F1-Score,ROC-AUC
Logistic Regression,0.7315,0.49193548387096775,0.6971428571428572,0.5768321513002365,0.7939118644067796
Random Forest,0.74025,0.5041761579347,0.6323809523809524,0.5610477397549641,0.7855347861178369
Decision Tree,0.71075,0.4646397884996695,0.6695238095238095,0.5485758876316816,0.7659665859564163
